,DateOnly,EC_Sum,EC_Mean,Date,Temp_Max,Temp_Min,Temp_Avg
0,2012-01-01,5061.6009993,0.25972911531711823,2012-01-01 00:00:00,12.59,7.71,10.15
1,2012-01-02,5150.3059994,0.26558921201526403,2012-01-02 00:00:00,3.36,-0.92,1.22
2,2012-01-03,4917.2519995,0.2674745430537424,2012-01-03 00:00:00,15.11,6.49,10.8
3,2012-01-04,5262.9520002,0.2661282362560679,2012-01-04 23:00:00,15.04,3.98,9.51
4,2012-01-05,5280.8210002,0.2663852401230831,2012-01-05 23:00:00,13.81,9.73,11.77
5,2012-01-06,5276.399001,0.26551927339975845,2012-01-06 23:00:00,17.54,11.83,14.684999999999999
6,2012-01-07,5271.461002800001,0.2639954428485577,2012-01-07 23:00:00,17.58,12.47,15.024999999999999
7,2012-01-08,5597.000998500001,0.27962634884592324,2012-01-08 23:00:00,21.29,15.61,18.45
8,2012-01-09,5175.6659995,0.25982259033634536,2012-01-09 23:00:00,18.35,12.57,15.46
9,2012-01-10,5037.4479969,0.25046976913782815,2012-01-10 23:00:00,16.44,10.87,13.655000000000001
10,2012-01-11,5070.5100004000005,0.2503213862756714,2012-01-11 00:00:00,11.46,4.2,7.83
11,2012-01-12,5119.729999900001,0.2515590605296777,2012-01-12 00:00:00,5.73,-1.35,2.1900000000000004
12,2012-01-13,5383.4139978,0.2614323037004662,2012-01-13 00:00:00,6.41,1.2,3.805
13,2012-01-14,5802.4800003,0.2811279069912791,2012-01-14 00:00:00,6.01,-1.79,2.11
14,2012-01-15,5856.4329988,0.2918876095893142,2012-01-15 00:00:00,6.27,1.16,3.715
15,2012-01-16,5662.9860004,0.27565157712227417,2012-01-16 00:00:00,6.56,0.83,3.695
16,2012-01-17,5889.1479997999995,0.2782099395219199,2012-01-17 00:00:00,5.79,-1.45,2.17
17,2012-01-18,5702.8460008,0.26758849478228225,2012-01-18 00:00:00,11.92,4.51,8.215
18,2012-01-19,5564.488998000001,0.25876529938616066,2012-01-19 00:00:00,11.51,6.91,9.21
19,2012-01-20,5910.333998800001,0.2688470705422125,2012-01-20 00:00:00,10.05,4.91,7.48
20,2012-01-21,6082.5089990999995,0.26733953055116033,2012-01-21 00:00:00,12.35,7.61,9.98
21,2012-01-22,6689.623998499999,0.2867637173568244,2012-01-22 00:00:00,11.8,6.0,8.9
22,2012-01-23,6216.4619973,0.2659335214450719,2012-01-23 00:00:00,8.4,3.46,5.93
23,2012-01-24,6545.8389997,0.2716566649941899,2012-01-24 00:00:00,9.77,1.94,5.8549999999999995
24,2012-01-25,6498.5090027,0.2654619690645425,2012-01-25 00:00:00,9.76,8.59,9.175
25,2012-01-26,6485.0979984,0.25932093723608446,2012-01-26 00:00:00,9.54,3.15,6.345
26,2012-01-27,6511.6389994,0.25790712133238275,2012-01-27 00:00:00,8.68,2.93,5.805
27,2012-01-28,7265.644001499999,0.27979220584950704,2012-01-28 00:00:00,6.46,3.27,4.865
28,2012-01-29,7758.4559967000005,0.2944162111680328,2012-01-29 00:00:00,4.5,1.87,3.185
29,2012-01-30,7488.2259994,0.2841615816408622,2012-01-30 00:00:00,3.98,1.24,2.61
30,2012-01-31,7866.574001100002,0.29161380490435945,2012-01-31 00:00:00,2.13,-0.54,0.7949999999999999
31,2012-02-01,7970.697997900001,0.2892965301212253,2012-02-01 00:00:00,7.57,4.69,6.130000000000001
32,2012-02-02,8428.189997200001,0.3011788878359063,2012-02-02 00:00:00,1.41,-1.76,-0.17500000000000004
33,2012-02-03,8836.303997899999,0.30784225187778713,2012-02-03 00:00:00,8.39,5.69,7.040000000000001
34,2012-02-04,9436.687994299999,0.31811920153384576,2012-02-04 23:00:00,12.92,5.04,8.98
35,2012-02-05,9916.8930008,0.3321574558145767,2012-02-05 23:00:00,9.19,7.99,8.59
36,2012-02-06,8942.477000500001,0.29665860537752126,2012-02-06 23:00:00,12.19,10.97,11.58
37,2012-02-07,9043.8470039,0.2907615420492541,2012-02-07 23:00:00,18.81,15.43,17.119999999999997
38,2012-02-08,10011.7899998,0.3174717782787925,2012-02-08 23:00:00,21.77,13.09,17.43
39,2012-02-09,9561.064999400001,0.3022592627529085,2012-02-09 23:00:00,24.34,15.69,20.015
40,2012-02-10,9928.312996399998,0.307797401922123,2012-02-10 23:00:00,14.34,9.35,11.844999999999999
41,2012-02-11,10233.3680049,0.3094269474147315,2012-02-11 00:00:00,9.78,4.61,7.195
42,2012-02-12,10998.3960012,0.33159659916787265,2012-02-12 00:00:00,4.76,-1.55,1.605
43,2012-02-13,9916.0540013,0.2993977657397343,2012-02-13 00:00:00,6.58,1.09,3.835
44,2012-02-14,9624.1319974,0.28602389435924874,2012-02-14 00:00:00,8.42,4.54,6.48
45,2012-02-15,9269.1009983,0.2735216300253777,2012-02-15 00:00:00,10.61,6.93,8.77
46,2012-02-16,9065.241998500002,0.2626692744117988,2012-02-16 00:00:00,10.61,5.47,8.04
47,2012-02-17,8921.4030003,0.26177825705105634,2012-02-17 00:00:00,11.83,7.13,9.48
48,2012-02-18,9471.8540021,0.2703154680964612,2012-02-18 00:00:00,10.76,3.2,6.98
49,2012-02-19,10099.7429997,0.28744714821550543,2012-02-19 00:00:00,6.35,0.62,3.485
50,2012-02-20,9842.7040025,0.28128440793609966,2012-02-20 00:00:00,8.44,-1.9,3.2699999999999996
51,2012-02-21,9091.346001900001,0.2656424147352735,2012-02-21 00:00:00,11.65,5.72,8.685
52,2012-02-22,9572.6370012,0.2702302676490515,2012-02-22 00:00:00,10.47,7.48,8.975000000000001
53,2012-02-23,9070.0800022,0.24476683943760796,2012-02-23 00:00:00,16.98,10.34,13.66
54,2012-02-24,9100.0530015,0.24243534211157283,2012-02-24 00:00:00,14.43,9.55,11.99
55,2012-02-25,9420.5589981,0.24718091409792192,2012-02-25 00:00:00,12.11,6.97,9.54
56,2012-02-26,9903.0809984,0.25951470121593295,2012-02-26 00:00:00,12.67,3.26,7.965
57,2012-02-27,9739.283994899999,0.2549016958464196,2012-02-27 00:00:00,11.15,6.27,8.71
58,2012-02-28,9405.739000000001,0.24161886046033704,2012-02-28 00:00:00,13.86,9.73,11.795
59,2012-02-29,9502.8569953,0.2417291665471103,2012-02-29 00:00:00,12.74,9.61,11.175
60,2012-03-01,9430.1929995,0.23528425647455092,2012-03-01 00:00:00,12.41,5.96,9.185
61,2012-03-02,10063.097000599999,0.2481039694428008,2012-03-02 00:00:00,1.54,-2.19,-0.32499999999999996
62,2012-03-03,10432.417999500001,0.254797235235932,2012-03-03 00:00:00,14.29,7.06,10.674999999999999
63,2012-03-04,11531.973999900001,0.2809935185160819,2012-03-04 23:00:00,10.18,3.57,6.875
64,2012-03-05,10869.0829977,0.26484120364766084,2012-03-05 23:00:00,9.02,7.38,8.2
65,2012-03-06,11293.494998600001,0.2739012174670159,2012-03-06 23:00:00,13.89,7.64,10.765
66,2012-03-07,11302.5559943,0.2678838641045696,2012-03-07 23:00:00,21.44,15.95,18.695
67,2012-03-08,10782.745995199999,0.2529735828453454,2012-03-08 23:00:00,21.04,14.36,17.7
68,2012-03-09,11003.7010026,0.2549986328003337,2012-03-09 23:00:00,24.79,13.71,19.25
69,2012-03-10,10804.3340031,0.2484440306084437,2012-03-10 23:00:00,14.99,7.19,11.09
70,2012-03-11,11054.468003099999,0.25087300297521786,2012-03-11 00:00:00,9.45,3.22,6.335
71,2012-03-12,10169.686001,0.23129744361808585,2012-03-12 00:00:00,10.22,2.94,6.58
72,2012-03-13,10316.456002000003,0.23085517369316147,2012-03-13 00:00:00,10.89,6.36,8.625
73,2012-03-14,10582.393998200001,0.23133949803690101,2012-03-14 00:00:00,12.41,5.03,8.72
74,2012-03-15,10744.0769988,0.2302828574845679,2012-03-15 00:00:00,16.79,2.82,9.805
75,2012-03-16,11387.0289992,0.23794360162153125,2012-03-16 00:00:00,9.75,8.5,9.125
76,2012-03-17,12128.3990002,0.2474779423808358,2012-03-17 00:00:00,10.75,7.37,9.06
77,2012-03-18,12525.2900004,0.25408329277020447,2012-03-18 00:00:00,9.76,3.98,6.87
78,2012-03-19,11219.1719964,0.23141856428217822,2012-03-19 00:00:00,13.27,1.69,7.4799999999999995
79,2012-03-20,11462.9310045,0.22465763179092194,2012-03-20 00:00:00,14.48,4.33,9.405000000000001
80,2012-03-21,11439.8260002,0.21965871736175116,2012-03-21 00:00:00,15.62,7.44,11.53
81,2012-03-22,11257.960996400001,0.21244642580766904,2012-03-22 00:00:00,15.81,6.14,10.975
82,2012-03-23,11584.862995,0.21283184514623754,2012-03-23 00:00:00,19.48,6.74,13.11
83,2012-03-24,12014.7600006,0.21357295222909556,2012-03-24 00:00:00,18.83,6.42,12.625
84,2012-03-25,12628.0060023,0.22333060983128183,2012-03-25 23:00:00,18.18,3.84,11.01
85,2012-03-25,12628.0060023,0.22333060983128183,2012-03-25 00:00:00,13.79,4.4,9.094999999999999
86,2012-03-26,11806.944002100001,0.2084559322404661,2012-03-26 23:00:00,18.26,5.32,11.790000000000001
87,2012-03-27,11430.6839982,0.1996137887363789,2012-03-27 23:00:00,21.14,4.88,13.01
88,2012-03-28,11480.2480034,0.19914390791354425,2012-03-28 23:00:00,19.16,6.89,13.025
89,2012-03-29,11320.385000400001,0.1939484820518092,2012-03-29 23:00:00,17.12,7.81,12.465
90,2012-03-30,11264.438000900001,0.1950754710601967,2012-03-30 23:00:00,11.09,6.58,8.835
91,2012-03-31,12707.7539996,0.21718201393902106,2012-03-31 23:00:00,12.88,2.43,7.655
92,2012-04-01,13095.3889992,0.22325745020458265,2012-04-01 00:00:00,9.33,5.27,7.3
93,2012-04-02,12288.392995299999,0.20984277655908468,2012-04-02 00:00:00,0.79,-3.27,-1.24
94,2012-04-03,12856.394001199998,0.21291060547827237,2012-04-03 00:00:00,9.32,3.92,6.62
95,2012-04-04,13014.2990021,0.21690498336833333,2012-04-04 23:00:00,8.92,4.61,6.765000000000001
96,2012-04-05,13495.450998100001,0.2272879782757343,2012-04-05 23:00:00,9.71,6.21,7.960000000000001
97,2012-04-06,14032.971005900003,0.22081084790250505,2012-04-06 23:00:00,15.0,7.54,11.27
98,2012-04-07,13751.6919992,0.21557079256333084,2012-04-07 23:00:00,22.33,15.2,18.765
99,2012-04-08,14144.463998800002,0.22206204469354437,2012-04-08 23:00:00,20.69,12.98,16.835
100,2012-04-09,14086.7010012,0.2224965409590599,2012-04-09 23:00:00,19.97,12.07,16.02
101,2012-04-10,13352.0599994,0.20914880951441103,2012-04-10 23:00:00,15.6,9.16,12.379999999999999
102,2012-04-11,13753.267996800001,0.21099147025036816,2012-04-11 00:00:00,8.67,2.96,5.8149999999999995
103,2012-04-12,14169.982000599999,0.2142292876239719,2012-04-12 00:00:00,7.73,1.21,4.470000000000001
104,2012-04-13,14494.949003400001,0.21102592888714186,2012-04-13 23:00:00,11.62,5.67,8.645
105,2012-04-14,15165.4760011,0.215369745528005,2012-04-14 23:00:00,9.12,3.3,6.209999999999999
106,2012-04-15,16524.5530021,0.2322952232638889,2012-04-15 23:00:00,10.94,1.96,6.449999999999999
107,2012-04-16,15738.6980018,0.22065245067575145,2012-04-16 23:00:00,13.77,5.16,9.465
108,2012-04-17,16557.379998999997,0.2248666340585615,2012-04-17 23:00:00,10.01,6.27,8.14
109,2012-04-18,17233.314003,0.2269452434023388,2012-04-18 23:00:00,9.93,6.47,8.2
110,2012-04-19,17645.372001900003,0.2259446322718193,2012-04-19 23:00:00,12.46,5.34,8.9
111,2012-04-20,17536.5099998,0.2177258392903258,2012-04-20 23:00:00,12.45,3.78,8.115
112,2012-04-21,17072.2879979,0.2145190992900583,2012-04-21 23:00:00,14.03,4.76,9.395
113,2012-04-22,18722.847996099998,0.22327380266289829,2012-04-22 23:00:00,9.67,6.89,8.28
114,2012-04-23,18163.7329989,0.2167303001968786,2012-04-23 23:00:00,12.48,6.99,9.735
115,2012-04-24,18298.3469988,0.21190414812395778,2012-04-24 23:00:00,11.94,6.55,9.245
116,2012-04-25,19558.383001300004,0.221690050341177,2012-04-25 23:00:00,13.89,9.23,11.56
117,2012-04-26,18874.0919999,0.20837851086270093,2012-04-26 23:00:00,14.84,9.28,12.059999999999999
118,2012-04-27,18950.135999,0.20350231957689005,2012-04-27 23:00:00,10.03,6.46,8.245
119,2012-04-28,21558.9840049,0.22434840164939232,2012-04-28 23:00:00,14.89,5.99,10.440000000000001
120,2012-04-29,23148.642999099997,0.24149393881551492,2012-04-29 23:00:00,17.15,8.68,12.915
121,2012-04-30,19203.474999899998,0.19795764266761504,2012-04-30 23:00:00,17.24,11.28,14.259999999999998
122,2012-05-01,19544.3990024,0.19454131830705526,2012-05-01 00:00:00,11.46,7.34,9.4
123,2012-05-02,20188.1940015,0.19480656555407597,2012-05-02 00:00:00,1.81,-0.12,0.845
124,2012-05-03,22414.3419946,0.20987211605430714,2012-05-03 00:00:00,9.37,4.04,6.705
125,2012-05-04,23002.0779959,0.21027203082400908,2012-05-04 23:00:00,12.28,0.34,6.31
126,2012-05-05,23859.742003900003,0.2143501329946457,2012-05-05 23:00:00,8.37,5.72,7.045
127,2012-05-06,24902.170997100002,0.22189701843723267,2012-05-06 23:00:00,18.13,12.52,15.325
128,2012-05-07,24642.270999300003,0.21920608275779246,2012-05-07 23:00:00,18.7,14.78,16.74
129,2012-05-08,22017.0989988,0.19610498609448482,2012-05-08 23:00:00,20.95,14.77,17.86
130,2012-05-09,23079.6960016,0.19992806654192655,2012-05-09 23:00:00,20.76,8.67,14.715
131,2012-05-10,23199.440999899998,0.19363849659371662,2012-05-10 23:00:00,14.89,7.61,11.25
132,2012-05-11,22573.876001099998,0.18342007931211,2012-05-11 00:00:00,9.19,2.94,6.0649999999999995
133,2012-05-12,24060.9220002,0.19168994582695986,2012-05-12 00:00:00,3.89,-0.77,1.56
134,2012-05-13,25140.853000799998,0.19854729751705838,2012-05-13 23:00:00,11.41,6.94,9.175
135,2012-05-14,24485.235999800003,0.19271215841676112,2012-05-14 23:00:00,11.27,5.92,8.594999999999999
136,2012-05-15,25931.885997100002,0.19964805060590665,2012-05-15 23:00:00,13.46,3.89,8.675
137,2012-05-16,22884.1219991,0.18933778460997486,2012-05-16 23:00:00,14.06,7.11,10.585
138,2012-05-17,23145.4270001,0.18603256012168853,2012-05-17 23:00:00,15.77,9.11,12.44
139,2012-05-18,26762.6969989,0.18791917339975844,2012-05-18 23:00:00,16.42,10.59,13.505
140,2012-05-19,27164.8919991,0.18751996354580852,2012-05-19 23:00:00,12.18,9.06,10.620000000000001
141,2012-05-20,30172.0030004,0.2042844965361283,2012-05-20 23:00:00,16.22,9.32,12.77
142,2012-05-21,27372.3810031,0.18514868102746213,2012-05-21 23:00:00,24.43,11.44,17.935
143,2012-05-22,26158.871,0.17262479542814907,2012-05-22 23:00:00,25.37,13.47,19.42
144,2012-05-23,26066.057,0.16854216454583074,2012-05-23 23:00:00,25.45,15.36,20.405
145,2012-05-24,26473.698000700002,0.16687908472453358,2012-05-24 23:00:00,24.14,15.81,19.975
146,2012-05-25,23214.555000199998,0.1678128252963798,2012-05-25 23:00:00,24.64,15.06,19.85
147,2012-05-26,27664.6159974,0.1699133745909493,2012-05-26 23:00:00,25.98,13.55,19.765
148,2012-05-27,29026.4979976,0.17635424563526783,2012-05-27 23:00:00,25.58,13.89,19.735
149,2012-05-28,27821.4550032,0.16967612584894615,2012-05-28 23:00:00,22.37,14.25,18.310000000000002
150,2012-05-29,27549.2329988,0.16821288222205938,2012-05-29 23:00:00,24.11,12.5,18.305
151,2012-05-30,28274.194996700004,0.16701041369376715,2012-05-30 23:00:00,19.54,13.7,16.619999999999997
152,2012-05-31,29092.978998500002,0.1692554395798427,2012-05-31 23:00:00,20.08,13.98,17.03
153,2012-06-01,29720.467000700002,0.17019692024406724,2012-06-01 00:00:00,9.18,4.4,6.79
154,2012-06-02,31220.0759958,0.1764085299464334,2012-06-02 00:00:00,4.08,1.39,2.735
155,2012-06-03,34398.3840016,0.19452578719688743,2012-06-03 00:00:00,7.22,3.74,5.48
156,2012-06-04,32672.5590005,0.18406660695251936,2012-06-04 23:00:00,10.48,6.86,8.67
157,2012-06-05,34075.4010041,0.19238595869523484,2012-06-05 23:00:00,14.48,5.2,9.84
158,2012-06-06,31360.3330028,0.17634015408681963,2012-06-06 23:00:00,17.29,12.6,14.945
159,2012-06-07,32891.643993100006,0.18243945239339282,2012-06-07 23:00:00,18.65,13.42,16.035
160,2012-06-08,33391.3159991,0.18393770931991452,2012-06-08 23:00:00,19.32,11.49,15.405000000000001
161,2012-06-09,32967.267002399996,0.17871924604475675,2012-06-09 23:00:00,25.76,11.46,18.61
162,2012-06-10,35256.0320012,0.19013737165199762,2012-06-10 23:00:00,13.64,5.27,9.455
163,2012-06-11,36596.7430048,0.19767491468325984,2012-06-11 00:00:00,9.67,0.92,5.295
164,2012-06-12,35938.8539993,0.19173524327411437,2012-06-12 00:00:00,4.84,-2.82,1.01
165,2012-06-13,27519.4309969,0.17810546104444966,2012-06-13 23:00:00,18.08,8.7,13.389999999999999
166,2012-06-14,26478.6329961,0.17956972246704103,2012-06-14 23:00:00,17.59,12.91,15.25
167,2012-06-15,26137.394997199997,0.17882727830596604,2012-06-15 23:00:00,17.47,12.57,15.02
168,2012-06-16,25139.3950005,0.18592026831514025,2012-06-16 23:00:00,19.44,12.46,15.950000000000001
169,2012-06-17,29257.9780045,0.18865404160541113,2012-06-17 23:00:00,18.87,11.17,15.02
170,2012-06-18,33735.1789992,0.17413682585480675,2012-06-18 23:00:00,20.35,10.1,15.225000000000001
171,2012-06-19,33047.5239979,0.16928696417250638,2012-06-19 23:00:00,21.16,11.47,16.315
172,2012-06-20,32904.8489981,0.1673627166651408,2012-06-20 23:00:00,19.08,11.52,15.299999999999999
173,2012-06-21,34312.3560019,0.17520606618617238,2012-06-21 23:00:00,17.53,11.44,14.485
174,2012-06-22,34653.6870025,0.17651633558730642,2012-06-22 23:00:00,18.12,11.01,14.565000000000001
175,2012-06-23,35539.0859982,0.17975179047402282,2012-06-23 23:00:00,19.88,11.65,15.765
176,2012-06-24,37025.2269971,0.18795294731308884,2012-06-24 23:00:00,21.15,12.11,16.63
177,2012-06-25,34238.4310024,0.1726702120269507,2012-06-25 23:00:00,22.92,14.04,18.48
178,2012-06-26,34104.0839998,0.17166024401928806,2012-06-26 23:00:00,22.66,17.56,20.11
179,2012-06-27,34166.440999900005,0.17226545357322928,2012-06-27 23:00:00,27.16,16.23,21.695
180,2012-06-28,33093.5139989,0.16994040135824912,2012-06-28 23:00:00,20.96,13.96,17.46
181,2012-06-29,34080.92299790001,0.1711714631443869,2012-06-29 23:00:00,20.13,13.61,16.869999999999997
182,2012-06-30,34053.00400249999,0.17090763271149526,2012-06-30 23:00:00,17.88,11.01,14.445
183,2012-07-01,36251.4400029,0.1812862058074292,2012-07-01 00:00:00,10.34,7.6,8.969999999999999
184,2012-07-02,35898.801995400005,0.17969526867791927,2012-07-02 00:00:00,2.63,-2.83,-0.10000000000000009
185,2012-07-03,35222.776998,0.17648096539802788,2012-07-03 00:00:00,10.75,5.14,7.945
186,2012-07-04,34450.5149984,0.17182644540738967,2012-07-04 23:00:00,13.08,6.52,9.8
187,2012-07-05,34112.08799860001,0.16908600998592277,2012-07-05 23:00:00,17.24,10.43,13.834999999999999
188,2012-07-06,35617.3189981,0.17240415407227772,2012-07-06 23:00:00,15.17,12.28,13.725
189,2012-07-07,37149.131999699996,0.17637653828481087,2012-07-07 23:00:00,18.77,14.28,16.525
190,2012-07-08,39934.623999100004,0.18899848553261775,2012-07-08 23:00:00,22.8,15.03,18.915
191,2012-07-09,37560.3919957,0.17804508909603717,2012-07-09 23:00:00,27.12,10.41,18.765
192,2012-07-10,37454.9219978,0.1737886135755382,2012-07-10 23:00:00,12.22,9.51,10.865
193,2012-07-11,36619.8879983,0.17186626116195466,2012-07-11 00:00:00,9.93,4.97,7.449999999999999
194,2012-07-12,37616.4039975,0.17227414448917344,2012-07-12 00:00:00,6.33,2.97,4.65
195,2012-07-13,38063.1089943,0.17186420402714567,2012-07-13 23:00:00,16.44,13.13,14.785
196,2012-07-14,40111.2060035,0.1792855878723271,2012-07-14 23:00:00,18.26,12.44,15.350000000000001
197,2012-07-15,40445.24699680001,0.1799678155560302,2012-07-15 23:00:00,17.06,13.05,15.055
198,2012-07-16,39990.0209992,0.17836125829229998,2012-07-16 23:00:00,22.44,13.92,18.18
199,2012-07-17,38008.4790007,0.17003292087493738,2012-07-17 23:00:00,18.52,14.91,16.715
200,2012-07-18,38774.6669997,0.17212988759721926,2012-07-18 23:00:00,20.18,13.77,16.975
201,2012-07-19,37775.8049973,0.16953811664018745,2012-07-19 23:00:00,17.77,13.12,15.445
202,2012-07-20,38373.7310028,0.17126236701478148,2012-07-20 23:00:00,19.89,11.83,15.86
203,2012-07-21,38210.7260038,0.16937378547783688,2012-07-21 23:00:00,22.86,12.24,17.55
204,2012-07-22,38743.5489973,0.17180869961198028,2012-07-22 23:00:00,27.18,12.47,19.825
205,2012-07-23,37505.3710012,0.16645971364685413,2012-07-23 23:00:00,28.32,14.21,21.265
206,2012-07-24,36755.6130003,0.16485294671824544,2012-07-24 23:00:00,29.37,15.74,22.555
207,2012-07-25,35644.4929978,0.16650080809884157,2012-07-25 23:00:00,26.44,15.93,21.185000000000002
208,2012-07-26,36841.6620039,0.16467166382348208,2012-07-26 23:00:00,23.79,15.93,19.86
209,2012-07-27,38601.7310003,0.17125271064159214,2012-07-27 23:00:00,21.09,14.93,18.009999999999998
210,2012-07-28,38012.286995200004,0.16842251078973483,2012-07-28 23:00:00,17.92,10.97,14.445
211,2012-07-29,40220.855997000006,0.17824601147362265,2012-07-29 23:00:00,19.69,9.86,14.775
212,2012-07-30,37799.67000310001,0.16783740943405442,2012-07-30 23:00:00,20.19,11.52,15.855
213,2012-07-31,38449.3889991,0.1706495393015019,2012-07-31 23:00:00,22.57,13.69,18.13
214,2012-08-01,37811.067000200004,0.16767359780846458,2012-08-01 00:00:00,9.62,8.12,8.87
215,2012-08-02,37240.4739978,0.16538972677201022,2012-08-02 00:00:00,0.73,-2.1,-0.685
216,2012-08-03,37554.7340006,0.1661831545622699,2012-08-03 00:00:00,12.03,3.26,7.645
217,2012-08-04,38247.41400050001,0.1693562433603436,2012-08-04 23:00:00,10.81,8.31,9.56
218,2012-08-05,40645.005002599995,0.18027910103346106,2012-08-05 23:00:00,15.18,10.78,12.98
219,2012-08-06,38867.91899310001,0.1717752041485469,2012-08-06 23:00:00,17.92,11.02,14.47
220,2012-08-07,38436.076002,0.17084522794431406,2012-08-07 23:00:00,18.0,14.38,16.19
221,2012-08-08,37619.053002199995,0.16625589114958989,2012-08-08 23:00:00,25.92,13.33,19.625
222,2012-08-09,37393.02900160001,0.16550274857304725,2012-08-09 23:00:00,27.78,11.32,19.55
223,2012-08-10,37421.7329991,0.16570019925212542,2012-08-10 23:00:00,14.23,9.07,11.65
224,2012-08-11,37745.150001099995,0.16699029341464927,2012-08-11 00:00:00,12.34,7.81,10.075
225,2012-08-12,39558.576999,0.17490174465460528,2012-08-12 00:00:00,6.46,3.17,4.8149999999999995
226,2012-08-13,37986.092000100005,0.1679849112011781,2012-08-13 23:00:00,23.97,17.62,20.795
227,2012-08-14,36725.618004799995,0.16461210020797476,2012-08-14 23:00:00,22.57,17.38,19.975
228,2012-08-15,37864.821,0.16841384233561058,2012-08-15 23:00:00,21.67,16.02,18.845
229,2012-08-16,37371.6969969,0.16540833243440622,2012-08-16 23:00:00,27.23,17.92,22.575000000000003
230,2012-08-17,36453.3370011,0.16161832748590127,2012-08-17 23:00:00,29.86,20.54,25.2
231,2012-08-18,37558.3320002,0.1664465539255832,2012-08-18 23:00:00,28.88,17.97,23.424999999999997
232,2012-08-19,39325.1519968,0.1743507129034546,2012-08-19 23:00:00,24.54,16.96,20.75
233,2012-08-20,38161.4600025,0.16893974005923287,2012-08-20 23:00:00,22.09,16.27,19.18
234,2012-08-21,37050.429999700005,0.1650735582393249,2012-08-21 23:00:00,21.48,13.16,17.32
235,2012-08-22,36398.5999989,0.1628310428696049,2012-08-22 23:00:00,22.04,12.96,17.5
236,2012-08-23,36437.559997000004,0.16241245897963916,2012-08-23 23:00:00,20.27,14.07,17.17
237,2012-08-24,37129.123999,0.1644045518907191,2012-08-24 23:00:00,20.93,15.04,17.985
238,2012-08-25,38204.6119987,0.16909484101117134,2012-08-25 23:00:00,21.01,14.26,17.635
239,2012-08-26,38009.3530046,0.16815916774881434,2012-08-26 23:00:00,20.99,12.62,16.805
240,2012-08-27,38738.334998,0.17277855829408406,2012-08-27 23:00:00,22.5,14.97,18.735
241,2012-08-28,37806.913998,0.1674413353794643,2012-08-28 23:00:00,19.69,13.66,16.675
242,2012-08-29,37483.6750012,0.17250052923753775,2012-08-29 23:00:00,16.92,11.25,14.085
243,2012-08-30,38927.9029963,0.17306828405667593,2012-08-30 23:00:00,17.72,7.78,12.75
244,2012-08-31,37983.3580012,0.16836594858687945,2012-08-31 23:00:00,20.53,13.11,16.82
245,2012-09-01,38908.987999799996,0.1722124318382197,2012-09-01 00:00:00,12.33,7.74,10.035
246,2012-09-02,42066.1879971,0.18690102721395818,2012-09-02 00:00:00,1.79,-0.96,0.41500000000000004
247,2012-09-03,39303.4759972,0.17377385751450197,2012-09-03 00:00:00,10.86,6.74,8.8
248,2012-09-04,39004.1039999,0.1732591684430526,2012-09-04 23:00:00,12.9,5.94,9.42
249,2012-09-05,38330.0949995,0.1695061867592691,2012-09-05 23:00:00,17.12,14.44,15.780000000000001
250,2012-09-06,37737.6389988,0.16756198049339302,2012-09-06 23:00:00,17.22,8.91,13.065
251,2012-09-07,37730.0639999,0.16674649978742398,2012-09-07 23:00:00,17.46,13.28,15.370000000000001
252,2012-09-08,38544.0859959,0.17096056878459656,2012-09-08 23:00:00,24.99,14.5,19.744999999999997
253,2012-09-09,39576.0759999,0.17823207594709253,2012-09-09 23:00:00,20.21,16.93,18.57
254,2012-09-10,39988.3680006,0.17676448122480373,2012-09-10 23:00:00,14.13,7.04,10.585
255,2012-09-11,38568.500995400005,0.1716902644025997,2012-09-11 00:00:00,11.27,8.13,9.7
256,2012-09-12,39098.8549961,0.17253960582194805,2012-09-12 00:00:00,8.66,3.86,6.26
257,2012-09-13,38920.8810006,0.1715362148323461,2012-09-13 23:00:00,20.69,13.61,17.15
258,2012-09-14,39220.735998899996,0.17263863651885697,2012-09-14 23:00:00,21.12,9.69,15.405000000000001
259,2012-09-15,39896.2820005,0.17487324672356055,2012-09-15 23:00:00,18.31,12.98,15.645
260,2012-09-16,42864.3590031,0.18784339066706984,2012-09-16 23:00:00,18.72,13.29,16.005
261,2012-09-17,40668.2180018,0.17829430591417647,2012-09-17 23:00:00,17.19,10.97,14.080000000000002
262,2012-09-18,40592.4570004,0.1768826997507495,2012-09-18 23:00:00,16.3,7.35,11.825
263,2012-09-19,40834.8370043,0.17782729325311805,2012-09-19 23:00:00,17.38,9.07,13.225
264,2012-09-20,40890.0330035,0.17926676927039495,2012-09-20 23:00:00,16.32,10.34,13.33
265,2012-09-21,42273.7659997,0.1831365062023463,2012-09-21 23:00:00,15.62,6.59,11.105
266,2012-09-22,43401.3989977,0.1870878982934168,2012-09-22 23:00:00,12.31,8.85,10.58
267,2012-09-23,50542.7139973,0.21791664078582024,2012-09-23 23:00:00,15.2,11.51,13.355
268,2012-09-24,46369.985998000004,0.19992578124137692,2012-09-24 23:00:00,15.47,9.74,12.605
269,2012-09-25,44722.9590032,0.1915953758105422,2012-09-25 23:00:00,15.14,10.07,12.605
270,2012-09-26,45366.7530002,0.19415379776174335,2012-09-26 23:00:00,16.61,10.57,13.59
271,2012-09-27,45373.1530029,0.19291306548852039,2012-09-27 23:00:00,17.07,9.03,13.05
272,2012-09-28,45256.47399880001,0.1920642102889251,2012-09-28 23:00:00,15.83,8.71,12.27
273,2012-09-29,46244.084000300005,0.1953007128872728,2012-09-29 23:00:00,16.46,6.42,11.440000000000001
274,2012-09-30,50066.635001099996,0.21101656804698563,2012-09-30 23:00:00,16.24,12.37,14.305
275,2012-10-01,47501.6890013,0.19984218918829091,2012-10-01 00:00:00,11.29,9.16,10.225
276,2012-10-02,46783.1849954,0.19587011402816853,2012-10-02 00:00:00,1.21,-2.96,-0.875
277,2012-10-03,47033.37600430001,0.19562028350760297,2012-10-03 00:00:00,15.39,8.74,12.065000000000001
278,2012-10-04,46999.9800063,0.1947426909568914,2012-10-04 23:00:00,12.91,3.57,8.24
279,2012-10-05,48154.7410034,0.1989339224477824,2012-10-05 23:00:00,15.88,9.37,12.625
280,2012-10-06,48234.6380048,0.1989877805478548,2012-10-06 23:00:00,13.28,10.97,12.125
281,2012-10-07,51599.660998900006,0.21244919712985838,2012-10-07 23:00:00,18.75,12.07,15.41
282,2012-10-08,51323.31000499999,0.2111027887668641,2012-10-08 23:00:00,22.91,15.21,19.060000000000002
283,2012-10-09,49214.941995400004,0.2010414297197712,2012-10-09 23:00:00,17.82,11.73,14.775
284,2012-10-10,49351.7860054,0.2006953364133971,2012-10-10 23:00:00,14.88,9.15,12.015
285,2012-10-11,51451.9759979,0.20858458194647145,2012-10-11 00:00:00,10.31,5.2,7.755000000000001
286,2012-10-12,49755.7739957,0.20049876690723728,2012-10-12 00:00:00,5.59,1.55,3.57
287,2012-10-13,52560.2070009,0.21029466343743997,2012-10-13 23:00:00,12.32,2.81,7.565
288,2012-10-14,55941.9009974,0.22378192603286606,2012-10-14 23:00:00,13.03,4.09,8.559999999999999
289,2012-10-15,53023.617002900006,0.21259789983841737,2012-10-15 23:00:00,14.74,9.06,11.9
290,2012-10-16,49733.12600240001,0.20684903008917283,2012-10-16 23:00:00,16.6,8.8,12.700000000000001
291,2012-10-17,50831.164997500004,0.20380727561866502,2012-10-17 23:00:00,16.04,12.15,14.094999999999999
292,2012-10-18,46456.484999,0.19902188720525738,2012-10-18 23:00:00,13.21,11.98,12.595
293,2012-10-19,53687.313005,0.21139400635119387,2012-10-19 23:00:00,14.01,9.57,11.79
294,2012-10-20,53932.243002,0.2110421479855372,2012-10-20 23:00:00,12.41,10.19,11.3
295,2012-10-21,58295.9449966,0.22798927240394845,2012-10-21 23:00:00,14.73,12.02,13.375
296,2012-10-22,54394.5470036,0.21285118881323567,2012-10-22 23:00:00,14.05,12.46,13.255
297,2012-10-23,53985.876999399996,0.21002908885543106,2012-10-23 23:00:00,16.18,13.08,14.629999999999999
298,2012-10-24,52621.8229994,0.20384677931464606,2012-10-24 23:00:00,13.61,10.09,11.85
299,2012-10-25,53876.783996800004,0.20972215992775287,2012-10-25 23:00:00,10.11,4.19,7.15
300,2012-10-26,57867.4149979,0.2221022744638142,2012-10-26 23:00:00,7.68,2.49,5.085
301,2012-10-27,61448.9810008,0.23472444154443223,2012-10-27 23:00:00,9.17,1.43,5.3
302,2012-10-29,59604.8039918,0.22919282942583363,2012-10-29 00:00:00,12.4,7.66,10.030000000000001
303,2012-10-30,58571.728001,0.22522043804986464,2012-10-30 00:00:00,10.92,5.57,8.245000000000001
304,2012-10-31,58804.32299599999,0.22520037912071075,2012-10-31 00:00:00,12.36,6.45,9.405
305,2012-11-01,58154.03899470001,0.22506826659042353,2012-11-01 00:00:00,11.19,7.1,9.145
306,2012-11-02,59463.3660004,0.22919891304502008,2012-11-02 00:00:00,1.93,-5.64,-1.855
307,2012-11-03,61918.44599210001,0.2374319206396865,2012-11-03 00:00:00,15.55,6.82,11.185
308,2012-11-04,68798.4599994,0.2628945799683602,2012-11-04 23:00:00,12.13,3.68,7.905
309,2012-11-05,62041.7690058,0.2369453445073327,2012-11-05 23:00:00,14.44,5.69,10.065
310,2012-11-06,62932.3739974,0.24017056694373212,2012-11-06 23:00:00,12.87,10.46,11.665
311,2012-11-07,61239.279995000004,0.23392342010069067,2012-11-07 23:00:00,18.67,10.04,14.355
312,2012-11-08,59620.965005599995,0.22828587348220303,2012-11-08 23:00:00,25.13,16.03,20.58
313,2012-11-09,59496.891996000006,0.2278108037585003,2012-11-09 23:00:00,17.92,8.24,13.080000000000002
314,2012-11-10,62225.9400009,0.23708371434139536,2012-11-10 23:00:00,14.72,8.51,11.615
315,2012-11-11,65734.8189911,0.25022389834604725,2012-11-11 00:00:00,9.87,2.1,5.984999999999999
316,2012-11-12,62023.2279968,0.23726599031705228,2012-11-12 00:00:00,2.7,-2.49,0.10499999999999998
317,2012-11-13,58460.7459997,0.22269742335474188,2012-11-13 00:00:00,14.66,10.06,12.36
318,2012-11-14,58318.7129809,0.22256332425390796,2012-11-14 00:00:00,12.62,7.33,9.975
319,2012-11-15,59671.470986199995,0.22751750467529888,2012-11-15 00:00:00,9.07,6.45,7.76
320,2012-11-16,61215.323001200006,0.23434752465852016,2012-11-16 00:00:00,9.19,5.91,7.55
321,2012-11-17,62660.512999599996,0.23908925900335776,2012-11-17 00:00:00,12.44,8.18,10.309999999999999
322,2012-11-18,66092.36699840002,0.251493025108067,2012-11-18 00:00:00,9.42,2.07,5.745
323,2012-11-19,62264.3039955,0.23722988293823152,2012-11-19 00:00:00,11.23,3.49,7.36
324,2012-11-20,60730.060997,0.23142666985625876,2012-11-20 00:00:00,13.46,10.88,12.170000000000002
325,2012-11-21,61674.60899950001,0.23562950439933672,2012-11-21 00:00:00,11.87,6.06,8.965
326,2012-11-22,60125.1440076,0.2292472852900805,2012-11-22 00:00:00,13.09,6.56,9.825
327,2012-11-23,59940.1120028,0.22933927151362105,2012-11-23 00:00:00,10.7,5.12,7.91
328,2012-11-24,66108.02000769999,0.25187461902470437,2012-11-24 00:00:00,9.91,3.64,6.775
329,2012-11-25,65772.06000620002,0.25323438368678003,2012-11-25 00:00:00,12.54,7.46,10.0
330,2012-11-26,62399.4400003,0.23989450698276127,2012-11-26 00:00:00,10.69,7.17,8.93
331,2012-11-27,62674.593995699994,0.24215888506004263,2012-11-27 00:00:00,8.47,6.42,7.445
332,2012-11-28,65200.07699460001,0.2492357683279816,2012-11-28 00:00:00,6.89,3.45,5.17
333,2012-11-29,65850.7020037,0.25075664870719855,2012-11-29 00:00:00,5.84,1.63,3.735
334,2012-11-30,67130.0199976,0.2558620715849494,2012-11-30 00:00:00,4.37,-0.89,1.74
335,2012-12-01,71674.43199710001,0.2728832845893488,2012-12-01 00:00:00,12.4,5.08,8.74
336,2012-12-02,74855.2300072,0.285045505114848,2012-12-02 00:00:00,4.84,-4.46,0.18999999999999995
337,2012-12-03,66690.051002,0.2579606503048026,2012-12-03 00:00:00,13.86,5.43,9.645
338,2012-12-04,67019.07699510001,0.2552524260934643,2012-12-04 23:00:00,12.02,3.97,7.995
339,2012-12-05,68475.15499610001,0.2652102117652755,2012-12-05 23:00:00,16.26,5.49,10.875
340,2012-12-06,70662.7410071,0.269425409525607,2012-12-06 23:00:00,17.51,7.54,12.525
341,2012-12-07,69842.81000190001,0.26590982121824747,2012-12-07 23:00:00,19.26,14.21,16.735
342,2012-12-08,69852.86499579999,0.2659967137170231,2012-12-08 23:00:00,22.68,15.26,18.97
343,2012-12-09,72870.0290026,0.2789133941247168,2012-12-09 23:00:00,17.64,8.62,13.129999999999999
344,2012-12-10,68354.30198640001,0.2602902500548346,2012-12-10 23:00:00,11.53,6.41,8.969999999999999
345,2012-12-11,64119.733994400005,0.26562493369457146,2012-12-11 00:00:00,12.18,4.52,8.35
346,2012-12-12,66211.86500719999,0.27626954823085653,2012-12-12 00:00:00,1.8,-3.83,-1.0150000000000001
347,2012-12-13,72627.6840052,0.27686674292924673,2012-12-13 00:00:00,1.58,-1.35,0.11499999999999999
348,2012-12-14,71434.5460027,0.2720196871485256,2012-12-14 00:00:00,10.34,1.93,6.135
349,2012-12-15,67886.1569996,0.258933529383315,2012-12-15 00:00:00,11.17,6.91,9.04
350,2012-12-16,69199.04599700001,0.2643768185593557,2012-12-16 00:00:00,9.82,5.32,7.57
351,2012-12-17,65160.3609988,0.24844573953300386,2012-12-17 00:00:00,9.1,5.62,7.359999999999999
352,2012-12-18,64700.2699985,0.2482361494724524,2012-12-18 00:00:00,7.96,4.66,6.3100000000000005
353,2012-12-19,67570.42098990001,0.2577764336122047,2012-12-19 00:00:00,7.44,3.07,5.255
354,2012-12-20,66577.3299992,0.254220621025782,2012-12-20 00:00:00,9.57,6.53,8.05
355,2012-12-21,63573.40300010001,0.24499554122001788,2012-12-21 00:00:00,9.69,6.3,7.994999999999999
356,2012-12-22,66407.0759981,0.2572960293770535,2012-12-22 00:00:00,13.07,6.04,9.555
357,2012-12-23,64634.030998,0.24811909203212337,2012-12-23 00:00:00,13.08,9.34,11.21
358,2012-12-24,64588.2909946,0.252124675982918,2012-12-24 00:00:00,12.3,7.57,9.935
359,2012-12-25,67942.5450004,0.26101229716178004,2012-12-25 00:00:00,9.14,6.46,7.800000000000001
360,2012-12-26,63482.89699840001,0.24284986304321218,2012-12-26 00:00:00,10.18,4.83,7.505
361,2012-12-27,64431.9479985,0.2463446962688108,2012-12-27 00:00:00,7.97,6.42,7.195
362,2012-12-28,63875.9900059,0.2446231234907322,2012-12-28 00:00:00,12.34,5.45,8.895
363,2012-12-29,63133.248994199996,0.24276043202519376,2012-12-29 00:00:00,11.97,7.28,9.625
364,2012-12-30,64478.4279925,0.247932924174434,2012-12-30 00:00:00,10.9,5.44,8.17
365,2012-12-31,64903.698995,0.247829984554466,2012-12-31 00:00:00,9.24,4.22,6.73
366,2013-01-01,64551.41100110001,0.24666563876062303,2013-01-01 00:00:00,7.49,3.31,5.4
367,2013-01-02,65321.542998499994,0.24942549104388134,2013-01-02 00:00:00,8.03,4.16,6.095
368,2013-01-03,61949.79499750001,0.23668085991464943,2013-01-03 00:00:00,6.62,2.58,4.6
369,2013-01-04,61969.438997100006,0.2374963169805464,2013-01-04 23:00:00,7.71,0.04,3.875
370,2013-01-05,63669.39999789999,0.24351860350460497,2013-01-05 23:00:00,16.96,5.43,11.195
371,2013-01-06,67109.30699760001,0.25828756003140585,2013-01-06 23:00:00,18.83,9.72,14.274999999999999
372,2013-01-07,63183.838000799995,0.241883491060272,2013-01-07 23:00:00,17.5,11.84,14.67
373,2013-01-08,61044.899999199995,0.23322368420746992,2013-01-08 23:00:00,24.64,17.41,21.025
374,2013-01-09,60835.630000100005,0.23527175762677124,2013-01-09 23:00:00,24.94,11.88,18.41
375,2013-01-10,65385.546996,0.25068069483805666,2013-01-10 23:00:00,19.02,13.62,16.32
376,2013-01-11,65248.894000299995,0.2513129891550348,2013-01-11 00:00:00,13.97,11.48,12.725000000000001
377,2013-01-12,70827.9249979,0.2710473495204966,2013-01-12 00:00:00,9.42,2.43,5.925
378,2013-01-13,74293.72399659999,0.28425820323155804,2013-01-13 00:00:00,3.48,1.04,2.26
379,2013-01-14,70611.1339967,0.27435011033157714,2013-01-14 00:00:00,2.94,-0.41,1.265
380,2013-01-15,70084.3970048,0.26894301054829,2013-01-15 00:00:00,2.38,-0.83,0.7749999999999999
381,2013-01-16,71114.2439886,0.2728447052969613,2013-01-16 00:00:00,-0.06,-2.32,-1.19
382,2013-01-17,72097.8859961,0.2757553316661312,2013-01-17 00:00:00,2.88,-3.86,-0.49
383,2013-01-18,75018.78700180001,0.29350073161893586,2013-01-18 00:00:00,1.33,-1.93,-0.29999999999999993
384,2013-01-19,79915.4929971,0.3054873585516055,2013-01-19 00:00:00,0.85,-0.65,0.09999999999999998
385,2013-01-20,81471.3820026,0.3125820365354512,2013-01-20 00:00:00,0.08,-1.45,-0.6849999999999999
386,2013-01-21,73969.91899150002,0.2830192798878941,2013-01-21 00:00:00,1.17,-1.98,-0.405
387,2013-01-22,73311.23199839999,0.281481263048286,2013-01-22 00:00:00,2.82,-3.73,-0.45500000000000007
388,2013-01-23,72229.90999320001,0.2769721685118719,2013-01-23 00:00:00,2.82,1.38,2.0999999999999996
389,2013-01-24,72510.5720056,0.2778438324045123,2013-01-24 00:00:00,2.23,-0.11,1.06
390,2013-01-25,72569.3789891,0.27925047326799346,2013-01-25 00:00:00,2.98,-1.19,0.895
391,2013-01-26,69318.6059977,0.2672844021751034,2013-01-26 00:00:00,7.56,2.37,4.965
392,2013-01-27,70207.78399420001,0.268970608044471,2013-01-27 00:00:00,10.26,4.72,7.49
393,2013-01-28,66931.7049936,0.25656127335786566,2013-01-28 00:00:00,10.54,3.02,6.779999999999999
394,2013-01-29,61332.27899870001,0.24135923922797822,2013-01-29 00:00:00,13.09,9.76,11.425
395,2013-01-30,59659.1879924,0.23042264550271904,2013-01-30 00:00:00,12.56,7.51,10.035
396,2013-01-31,61077.1279985,0.23459442600210487,2013-01-31 00:00:00,9.94,7.12,8.53
397,2013-02-01,62628.07500220001,0.24077349373423756,2013-02-01 00:00:00,10.82,3.31,7.065
398,2013-02-02,66902.6890022,0.2568754185180919,2013-02-02 00:00:00,5.56,1.48,3.5199999999999996
399,2013-02-03,71696.00200040001,0.2775300461430076,2013-02-03 00:00:00,4.69,0.63,2.66
400,2013-02-04,62921.3460073,0.2415443845867115,2013-02-04 23:00:00,4.09,0.48,2.285
401,2013-02-05,65045.82000420001,0.24960789281405418,2013-02-05 23:00:00,19.71,4.48,12.095
402,2013-02-06,66313.0129919,0.2545644193841748,2013-02-06 23:00:00,18.66,7.24,12.95
403,2013-02-07,65654.2029971,0.25400109485105227,2013-02-07 23:00:00,19.69,14.31,17.0
404,2013-02-08,65534.5579937,0.2516224274853329,2013-02-08 23:00:00,23.17,15.36,19.265
405,2013-02-09,68977.1060015,0.2674526412987003,2013-02-09 23:00:00,23.92,14.04,18.98
406,2013-02-10,71890.43500540001,0.28381985900053697,2013-02-10 23:00:00,18.45,14.03,16.24
407,2013-02-11,69373.3740026,0.27161785849542697,2013-02-11 00:00:00,15.08,10.27,12.675
408,2013-02-12,70006.84400740001,0.26894263633059806,2013-02-12 00:00:00,9.42,6.59,8.004999999999999
409,2013-02-13,68732.8949941,0.26414597166151693,2013-02-13 00:00:00,3.09,0.6,1.845
410,2013-02-14,64739.8159956,0.24916795983280993,2013-02-14 00:00:00,10.59,4.07,7.33
411,2013-02-15,62234.465008700005,0.23996878666443025,2013-02-15 00:00:00,9.76,2.27,6.015
412,2013-02-16,62118.621999400006,0.2401443604232387,2013-02-16 00:00:00,10.13,3.7,6.915000000000001
413,2013-02-17,65112.560997399996,0.2502789091228475,2013-02-17 00:00:00,9.49,2.16,5.825
414,2013-02-18,62065.745999499995,0.2397175333684804,2013-02-18 00:00:00,7.65,1.16,4.405
415,2013-02-19,60504.0579918,0.23675830356170172,2013-02-19 00:00:00,10.12,-1.43,4.345
416,2013-02-20,62944.9140052,0.24329357608688934,2013-02-20 00:00:00,4.88,1.83,3.355
417,2013-02-21,67693.2280013,0.2612589076251235,2013-02-21 00:00:00,2.28,0.86,1.5699999999999998
418,2013-02-22,69267.72898750001,0.2673356219413826,2013-02-22 00:00:00,1.36,0.2,0.78
419,2013-02-23,71438.1599982,0.2755591557049621,2013-02-23 00:00:00,1.74,0.19,0.965
420,2013-02-24,75540.672987,0.29122206154006297,2013-02-24 00:00:00,2.35,0.85,1.6
421,2013-02-25,68345.85399440001,0.27157580740352216,2013-02-25 00:00:00,4.39,1.74,3.065
422,2013-02-26,67684.61000259999,0.26166191162012126,2013-02-26 00:00:00,4.93,2.98,3.955
423,2013-02-27,64847.5639985,0.25134714728100777,2013-02-27 00:00:00,6.11,2.33,4.220000000000001
424,2013-02-28,63498.551992099994,0.2486628759089129,2013-02-28 00:00:00,7.26,2.41,4.835
425,2013-03-01,64787.43099610001,0.2506012153271599,2013-03-01 00:00:00,11.41,9.65,10.530000000000001
426,2013-03-02,65983.45300470002,0.2559879461696927,2013-03-02 00:00:00,9.12,0.11,4.614999999999999
427,2013-03-03,67767.610993,0.26468414492329084,2013-03-03 00:00:00,7.83,-1.14,3.345
428,2013-03-04,61054.6439941,0.23954270242506276,2013-03-04 23:00:00,2.91,0.98,1.945
429,2013-03-05,57999.237004400005,0.22598044465899883,2013-03-05 23:00:00,16.31,8.05,12.18
430,2013-03-06,57232.176988700005,0.22199534920832556,2013-03-06 23:00:00,20.07,7.64,13.855
431,2013-03-07,58418.53000100001,0.22680818269738479,2013-03-07 23:00:00,22.89,12.48,17.685000000000002
432,2013-03-08,58337.771999000004,0.22738451823744932,2013-03-08 23:00:00,22.98,14.79,18.884999999999998
433,2013-03-09,61932.554994100006,0.2404512788626693,2013-03-09 23:00:00,27.04,14.09,20.564999999999998
434,2013-03-10,68499.41899520002,0.2665430013198854,2013-03-10 23:00:00,20.82,15.23,18.025
435,2013-03-11,69739.8769985,0.2728477190864632,2013-03-11 00:00:00,11.43,7.56,9.495
436,2013-03-12,68793.03099490001,0.26728611445861306,2013-03-12 00:00:00,7.22,3.66,5.4399999999999995
437,2013-03-13,64844.0729959,0.2517082518007422,2013-03-13 00:00:00,6.42,1.14,3.78
438,2013-03-14,63077.874998800005,0.24503494234725587,2013-03-14 00:00:00,6.56,-0.91,2.8249999999999997
439,2013-03-15,61076.0650001,0.24181262273573106,2013-03-15 00:00:00,8.27,2.99,5.63
440,2013-03-16,64917.7949968,0.2529842989961342,2013-03-16 00:00:00,7.51,5.79,6.65
441,2013-03-17,67289.5889999,0.2618842588264369,2013-03-17 00:00:00,7.3,2.36,4.83
442,2013-03-18,63162.00000660001,0.2457282913422036,2013-03-18 00:00:00,7.35,-0.22,3.565
443,2013-03-19,60539.867994800006,0.23703199584507928,2013-03-19 00:00:00,7.72,2.81,5.265
444,2013-03-20,62415.50099530001,0.24250707523351048,2013-03-20 00:00:00,5.87,2.37,4.12
445,2013-03-21,61561.5150021,0.2391444271012027,2013-03-21 00:00:00,6.27,1.18,3.7249999999999996
446,2013-03-22,64486.3819932,0.2508807267086835,2013-03-22 00:00:00,5.01,2.59,3.8
447,2013-03-23,70802.0309981,0.2786779354733453,2013-03-23 00:00:00,3.06,0.92,1.99
448,2013-03-24,75743.8070024,0.2950628233389429,2013-03-24 00:00:00,1.53,-0.32,0.605
449,2013-03-25,70061.0549979,0.2725177954548637,2013-03-25 00:00:00,1.81,0.71,1.26
450,2013-03-26,68141.34798980001,0.2680535151914968,2013-03-26 00:00:00,1.75,0.77,1.26
451,2013-03-27,66577.2949996,0.2599375897972888,2013-03-27 00:00:00,3.82,-0.29,1.765
452,2013-03-28,64242.6099984,0.25054056688506177,2013-03-28 00:00:00,4.08,-0.89,1.595
453,2013-03-29,65187.7930046,0.25417911677506394,2013-03-29 00:00:00,5.31,-0.52,2.3949999999999996
454,2013-03-30,62855.96899939999,0.24504104681028568,2013-03-30 00:00:00,4.87,0.94,2.9050000000000002
455,2013-03-31,63812.6980081,0.24844537628519592,2013-03-31 23:00:00,5.88,1.1,3.49
456,2013-03-31,63812.6980081,0.24844537628519592,2013-03-31 00:00:00,4.96,-1.54,1.71
457,2013-04-01,63878.20000230001,0.24916604257278602,2013-04-01 00:00:00,10.79,8.17,9.48
458,2013-04-02,59918.11300129999,0.23406975827122012,2013-04-02 00:00:00,10.2,6.48,8.34
459,2013-04-03,63614.9519979,0.24795350794317117,2013-04-03 00:00:00,8.99,2.14,5.565
460,2013-04-04,64163.428999200005,0.25447136953169625,2013-04-04 23:00:00,7.34,1.88,4.609999999999999
461,2013-04-05,61680.9869988,0.2437444162509484,2013-04-05 23:00:00,17.79,6.87,12.33
462,2013-04-06,59181.743997699996,0.23067408792368255,2013-04-06 23:00:00,19.64,8.96,14.3
463,2013-04-07,59577.5149975,0.23230361765199012,2013-04-07 23:00:00,24.62,12.63,18.625
464,2013-04-08,56498.1130033,0.2202552434322761,2013-04-08 23:00:00,22.72,16.23,19.475
465,2013-04-09,58095.71500870001,0.22690802324982817,2013-04-09 23:00:00,28.49,15.46,21.975
466,2013-04-10,55421.491997699995,0.21617944516359291,2013-04-10 23:00:00,17.94,13.67,15.805
467,2013-04-11,56279.514995599995,0.2197319894568341,2013-04-11 00:00:00,9.98,4.78,7.380000000000001
468,2013-04-12,55261.800000100004,0.21592038634697738,2013-04-12 00:00:00,8.91,2.35,5.63
469,2013-04-13,55953.7699975,0.2196539554578073,2013-04-13 23:00:00,19.88,11.49,15.684999999999999
470,2013-04-14,53566.541991399994,0.20925738324035878,2013-04-14 23:00:00,15.43,10.08,12.754999999999999
471,2013-04-15,49620.265995400005,0.19416895972404832,2013-04-15 23:00:00,16.55,9.63,13.09
472,2013-04-16,49035.1419943,0.19245769747825608,2013-04-16 23:00:00,17.95,9.66,13.805
473,2013-04-17,48013.0289965,0.19100084732233785,2013-04-17 23:00:00,14.11,8.48,11.295
474,2013-04-18,49173.70399929999,0.19289251866919288,2013-04-18 23:00:00,11.95,6.17,9.059999999999999
475,2013-04-19,50342.6810003,0.19703284880197572,2013-04-19 23:00:00,13.14,2.88,8.01
476,2013-04-20,49921.446997700004,0.19798784423860968,2013-04-20 23:00:00,14.12,1.46,7.789999999999999
477,2013-04-21,52889.0980038,0.2084480152123534,2013-04-21 23:00:00,14.32,6.91,10.615
478,2013-04-22,49746.849994200005,0.19610079625591298,2013-04-22 23:00:00,20.25,10.02,15.135
479,2013-04-23,46102.3880023,0.18026772085483922,2013-04-23 23:00:00,19.35,9.45,14.4
480,2013-04-24,45029.2390005,0.17716886607058546,2013-04-24 23:00:00,22.08,11.38,16.73
481,2013-04-25,43776.9169995,0.17214403626958286,2013-04-25 23:00:00,13.28,7.05,10.165
482,2013-04-26,46180.2349985,0.18255943626858004,2013-04-26 23:00:00,10.36,4.02,7.1899999999999995
483,2013-04-27,50360.9779997,0.19840904721263555,2013-04-27 23:00:00,11.59,1.61,6.6
484,2013-04-28,53048.7820084,0.2084857495771238,2013-04-28 23:00:00,13.41,7.98,10.695
485,2013-04-29,48102.3840002,0.18872561205351537,2013-04-29 23:00:00,13.71,5.94,9.825000000000001
486,2013-04-30,46557.6260034,0.18412121141562263,2013-04-30 23:00:00,16.32,4.42,10.370000000000001
487,2013-05-01,46267.946999499996,0.18335848630199417,2013-05-01 00:00:00,10.66,7.84,9.25
488,2013-05-02,45015.38599780001,0.17836069639042093,2013-05-02 00:00:00,6.44,2.16,4.300000000000001
489,2013-05-03,44515.5450023,0.17491648199696658,2013-05-03 00:00:00,16.06,1.87,8.965
490,2013-05-04,46974.1279911,0.18506574630885966,2013-05-04 23:00:00,9.87,0.64,5.255
491,2013-05-05,46385.8820013,0.1835814098962291,2013-05-05 23:00:00,20.99,10.48,15.735
492,2013-05-06,45930.808997,0.18003609672703041,2013-05-06 23:00:00,20.88,8.73,14.805
493,2013-05-07,44048.0749968,0.17288399191785983,2013-05-07 23:00:00,26.47,13.48,19.975
494,2013-05-08,44907.371998400005,0.17682295406665405,2013-05-08 23:00:00,22.11,12.23,17.17
495,2013-05-09,46014.140000499996,0.18107818599869352,2013-05-09 23:00:00,18.32,13.26,15.79
496,2013-05-10,45626.89199720001,0.17897952361921798,2013-05-10 23:00:00,19.19,8.76,13.975000000000001
497,2013-05-11,49220.1590028,0.19296574693733537,2013-05-11 00:00:00,12.39,4.41,8.4
498,2013-05-12,52093.893001899996,0.2044629686397105,2013-05-12 00:00:00,10.29,1.08,5.685
499,2013-05-13,46645.6629981,0.18356340116995656,2013-05-13 23:00:00,10.94,7.36,9.15
500,2013-05-14,49243.0330025,0.1933464984706778,2013-05-14 23:00:00,13.64,7.0,10.32
501,2013-05-15,49099.85400190001,0.19263910076075016,2013-05-15 23:00:00,15.13,4.17,9.65
502,2013-05-16,46423.1159987,0.18411350656251982,2013-05-16 23:00:00,11.3,7.2,9.25
503,2013-05-17,48682.2599941,0.19168659041335914,2013-05-17 23:00:00,14.56,9.12,11.84
504,2013-05-18,47886.26899780001,0.190678632286092,2013-05-18 23:00:00,17.85,8.91,13.38
505,2013-05-19,49023.5220024,0.1925571974076169,2013-05-19 23:00:00,16.87,11.38,14.125
506,2013-05-20,47765.507999,0.18782837862951426,2013-05-20 23:00:00,16.22,12.01,14.114999999999998
507,2013-05-21,46357.9210049,0.18250000395605004,2013-05-21 23:00:00,14.02,9.58,11.8
508,2013-05-22,46715.425992899996,0.18373381942963,2013-05-22 23:00:00,10.26,6.27,8.265
509,2013-05-23,46744.1179977,0.18549253173690478,2013-05-23 23:00:00,8.21,5.43,6.82
510,2013-05-24,50566.6359947,0.19895591751141015,2013-05-24 23:00:00,14.87,5.64,10.254999999999999
511,2013-05-25,47271.259996400004,0.1859199389450003,2013-05-25 23:00:00,18.82,6.24,12.530000000000001
512,2013-05-26,45154.1409924,0.17887645382677314,2013-05-26 23:00:00,17.28,6.32,11.8
513,2013-05-27,45150.540996,0.1781508088541667,2013-05-27 23:00:00,12.13,9.78,10.955
514,2013-05-28,47448.2990035,0.18739454582740916,2013-05-28 23:00:00,12.79,8.38,10.585
515,2013-05-29,48011.181996700005,0.1897975252873972,2013-05-29 23:00:00,14.69,10.79,12.739999999999998
516,2013-05-30,47897.3010003,0.18848893794980165,2013-05-30 23:00:00,21.68,11.27,16.475
517,2013-05-31,44342.3489975,0.17582773837988516,2013-05-31 23:00:00,17.34,10.77,14.055
518,2013-06-01,44905.133000500005,0.1765471983727276,2013-06-01 00:00:00,8.61,6.91,7.76
519,2013-06-02,46264.0240028,0.1820959443400088,2013-06-02 00:00:00,6.16,2.86,4.51
520,2013-06-03,42920.7039986,0.16880901138458876,2013-06-03 00:00:00,13.14,7.65,10.395
521,2013-06-04,42463.693002,0.16701156708986217,2013-06-04 23:00:00,10.37,-1.21,4.58
522,2013-06-05,42267.872000300005,0.16680823388386376,2013-06-05 23:00:00,19.82,8.63,14.225000000000001
523,2013-06-06,41657.717995900006,0.16625845304877077,2013-06-06 23:00:00,19.64,10.02,14.83
524,2013-06-07,42662.608993500005,0.1678889977391859,2013-06-07 23:00:00,27.28,14.99,21.135
525,2013-06-08,43219.00699740001,0.17258884015957449,2013-06-08 23:00:00,21.49,14.97,18.23
526,2013-06-09,48344.3660025,0.19064438609099946,2013-06-09 23:00:00,17.7,11.39,14.545
527,2013-06-10,45191.420999099995,0.17837967743108188,2013-06-10 23:00:00,18.57,10.37,14.469999999999999
528,2013-06-11,44630.4190012,0.1762988994801542,2013-06-11 00:00:00,14.87,9.31,12.09
529,2013-06-12,45650.1939969,0.1805325945840452,2013-06-12 00:00:00,7.85,2.73,5.29
530,2013-06-13,44995.456001399994,0.177842028716088,2013-06-13 23:00:00,18.81,9.13,13.969999999999999
531,2013-06-14,42995.289000000004,0.17081143926392067,2013-06-14 23:00:00,16.27,11.01,13.64
532,2013-06-15,45696.400002099996,0.1802704664603453,2013-06-15 23:00:00,17.34,11.46,14.4
533,2013-06-16,46597.954001100006,0.1838967055041201,2013-06-16 23:00:00,20.4,12.87,16.634999999999998
534,2013-06-17,43396.4169982,0.1713268942194113,2013-06-17 23:00:00,20.33,13.33,16.83
535,2013-06-18,42578.04599580001,0.1708808755369871,2013-06-18 23:00:00,25.56,15.81,20.685
536,2013-06-19,42376.97900199999,0.1673973699674504,2013-06-19 23:00:00,20.19,16.22,18.205
537,2013-06-20,43330.782000900006,0.17110019427952047,2013-06-20 23:00:00,20.38,14.11,17.244999999999997
538,2013-06-21,42628.496997099995,0.16835899287954187,2013-06-21 23:00:00,17.54,12.01,14.774999999999999
539,2013-06-22,44350.092997700005,0.17542439164332954,2013-06-22 23:00:00,16.51,12.62,14.565000000000001
540,2013-06-23,47560.9110014,0.18798184642936192,2013-06-23 23:00:00,16.1,10.62,13.36
541,2013-06-24,44260.657999200004,0.1750374035022779,2013-06-24 23:00:00,18.76,11.26,15.010000000000002
542,2013-06-25,42386.780996400004,0.16740434832701423,2013-06-25 23:00:00,20.61,10.14,15.375
543,2013-06-26,42374.730001,0.1673567535584518,2013-06-26 23:00:00,19.23,12.2,15.715
544,2013-06-27,42660.5570018,0.1688056228308009,2013-06-27 23:00:00,20.16,12.56,16.36
545,2013-06-28,43137.058998399996,0.17232765659316074,2013-06-28 23:00:00,21.19,13.42,17.305
546,2013-06-29,42681.0950046,0.16898317735889398,2013-06-29 23:00:00,25.17,14.92,20.045
547,2013-06-30,44136.82500230001,0.17618647011839753,2013-06-30 23:00:00,19.78,13.89,16.835
548,2013-07-01,42836.675999600004,0.1692774563717122,2013-07-01 00:00:00,9.08,7.1,8.09
549,2013-07-02,43390.5829953,0.1719228754409947,2013-07-02 00:00:00,5.53,1.24,3.3850000000000002
550,2013-07-03,42880.91999930001,0.1710747797750702,2013-07-03 00:00:00,9.63,7.43,8.530000000000001
551,2013-07-04,42253.9059979,0.16754657561659372,2013-07-04 23:00:00,9.99,3.47,6.73
552,2013-07-05,40855.7750008,0.16624257405924478,2013-07-05 23:00:00,16.81,11.33,14.07
553,2013-07-06,42104.6290019,0.16685938194272718,2013-07-06 23:00:00,17.06,9.16,13.11
554,2013-07-07,43945.8059949,0.17418904583214423,2013-07-07 23:00:00,25.18,14.99,20.085
555,2013-07-08,41674.0579997,0.16610092627901601,2013-07-08 23:00:00,23.81,11.83,17.82
556,2013-07-09,40894.3819967,0.16406052216405095,2013-07-09 23:00:00,16.86,9.13,12.995000000000001
557,2013-07-10,40416.8030015,0.16419983018680123,2013-07-10 23:00:00,19.62,13.36,16.490000000000002
558,2013-07-11,40845.7850002,0.16214821916364966,2013-07-11 00:00:00,14.7,7.37,11.035
559,2013-07-12,41025.466002,0.16286151074218752,2013-07-12 00:00:00,8.72,6.55,7.635
560,2013-07-13,41614.1170026,0.16592550638995215,2013-07-13 23:00:00,27.83,17.28,22.555
561,2013-07-14,43287.2269995,0.17402879759865883,2013-07-14 23:00:00,29.3,17.96,23.630000000000003
562,2013-07-15,42164.863999199995,0.16802499362088752,2013-07-15 23:00:00,29.2,17.03,23.115000000000002
563,2013-07-16,41289.578001,0.16748433444071262,2013-07-16 23:00:00,30.28,17.14,23.71
564,2013-07-17,42367.70200150001,0.16854314652751257,2013-07-17 23:00:00,27.56,17.5,22.53
565,2013-07-18,41886.607002200006,0.1665656892306102,2013-07-18 23:00:00,27.27,15.62,21.445
566,2013-07-19,41435.7300005,0.1643961864426617,2013-07-19 23:00:00,22.49,16.34,19.415
567,2013-07-20,41696.4699973,0.16750413773179393,2013-07-20 23:00:00,26.03,16.84,21.435000000000002
568,2013-07-21,42938.096998199995,0.17094280287836808,2013-07-21 23:00:00,32.16,17.21,24.685
569,2013-07-22,42873.7319945,0.17071918002397105,2013-07-22 23:00:00,27.13,19.29,23.21
570,2013-07-23,42742.155999300005,0.17173801028326904,2013-07-23 23:00:00,26.24,15.59,20.915
571,2013-07-24,41246.891997700004,0.164618821829901,2013-07-24 23:00:00,25.13,16.63,20.88
572,2013-07-25,41670.8219964,0.16643829082151074,2013-07-25 23:00:00,26.19,15.26,20.725
573,2013-07-26,40784.9400036,0.16261937800478468,2013-07-26 23:00:00,27.28,14.82,21.05
574,2013-07-27,42291.46900210001,0.16846506135317083,2013-07-27 23:00:00,23.14,15.34,19.240000000000002
575,2013-07-28,42382.6960025,0.1712183116900168,2013-07-28 23:00:00,22.36,16.48,19.42
576,2013-07-29,41387.998002,0.16492921927601378,2013-07-29 23:00:00,20.91,15.64,18.275
577,2013-07-30,41880.28599640001,0.16698678626953747,2013-07-30 23:00:00,23.56,16.49,20.025
578,2013-07-31,41213.416003700004,0.1657873785306848,2013-07-31 23:00:00,32.4,16.98,24.689999999999998
579,2013-08-01,41409.57399840001,0.16504676837574137,2013-08-01 00:00:00,11.23,9.02,10.125
580,2013-08-02,41249.6030009,0.16647941286040618,2013-08-02 00:00:00,5.59,0.81,3.2
581,2013-08-03,40489.242997,0.1613785911174351,2013-08-03 00:00:00,9.61,8.02,8.815
582,2013-08-04,42270.4760009,0.16851031700830782,2013-08-04 23:00:00,8.81,3.45,6.130000000000001
583,2013-08-05,41809.0119944,0.16699023834675358,2013-08-05 23:00:00,14.28,7.28,10.78
584,2013-08-06,40174.39099880001,0.16070784929755505,2013-08-06 23:00:00,14.17,10.29,12.23
585,2013-08-07,39873.7539986,0.15907759638149496,2013-08-07 23:00:00,25.61,12.01,18.81
586,2013-08-08,39962.7340018,0.1596159812827518,2013-08-08 23:00:00,23.85,15.68,19.765
587,2013-08-09,40149.8620007,0.16051726316406,2013-08-09 23:00:00,10.63,9.2,9.915
588,2013-08-10,40117.4300019,0.16054164266351326,2013-08-10 23:00:00,16.48,9.04,12.76
589,2013-08-11,41610.2470011,0.1672867900147144,2013-08-11 00:00:00,11.0,5.29,8.145
590,2013-08-12,40644.1240023,0.1623064181294326,2013-08-12 00:00:00,11.24,5.09,8.165
591,2013-08-13,40406.9000035,0.161328174921346,2013-08-13 23:00:00,22.04,11.04,16.54
592,2013-08-14,40123.2619974,0.16056498110113332,2013-08-14 23:00:00,23.46,16.64,20.05
593,2013-08-15,40733.389997399994,0.16256940452346744,2013-08-15 23:00:00,21.66,16.98,19.32
594,2013-08-16,40983.0969989,0.16403737191362475,2013-08-16 23:00:00,20.22,14.12,17.169999999999998
595,2013-08-17,40719.5259985,0.16725620234662525,2013-08-17 23:00:00,22.42,15.92,19.17
596,2013-08-18,42617.4570041,0.17136917343860578,2013-08-18 23:00:00,22.02,12.68,17.35
597,2013-08-19,40617.691999,0.1628564119795676,2013-08-19 23:00:00,23.53,12.16,17.845
598,2013-08-20,39828.80999760001,0.1596626659515105,2013-08-20 23:00:00,25.57,12.72,19.145
599,2013-08-21,39977.920997299996,0.16013715710640583,2013-08-21 23:00:00,21.13,16.54,18.835
600,2013-08-22,40901.4420013,0.1682356120487825,2013-08-22 23:00:00,26.03,16.34,21.185000000000002
601,2013-08-23,40605.63299509999,0.1631534594788653,2013-08-23 23:00:00,19.51,14.94,17.225
602,2013-08-24,42816.1399941,0.1723011235355901,2013-08-24 23:00:00,22.74,13.18,17.96
603,2013-08-25,42078.8930027,0.1693342870818846,2013-08-25 23:00:00,24.32,16.37,20.345
604,2013-08-26,41500.02799839999,0.16677930490612142,2013-08-26 23:00:00,22.78,12.82,17.8
605,2013-08-27,40905.803998999996,0.1645817400500515,2013-08-27 23:00:00,23.38,12.45,17.915
606,2013-08-28,40570.7000014,0.16279331985667053,2013-08-28 23:00:00,23.19,14.16,18.675
607,2013-08-29,39985.78999789999,0.16147262873093945,2013-08-29 23:00:00,24.03,15.34,19.685000000000002
608,2013-08-30,40622.515,0.16382160198090076,2013-08-30 23:00:00,19.87,14.22,17.045
609,2013-08-31,40837.3599997,0.16523176021112515,2013-08-31 23:00:00,21.07,10.17,15.620000000000001
610,2013-09-01,43713.7469935,0.17564186352258115,2013-09-01 00:00:00,9.21,1.77,5.49
611,2013-09-02,41617.9319984,0.1674469389661388,2013-09-02 00:00:00,3.68,1.58,2.63
612,2013-09-03,41650.0289986,0.16738212528372554,2013-09-03 00:00:00,8.01,3.88,5.945
613,2013-09-04,41464.4419961,0.1674113452684916,2013-09-04 23:00:00,10.59,2.98,6.785
614,2013-09-05,41388.21499820001,0.16837619197991927,2013-09-05 23:00:00,17.17,10.2,13.685
615,2013-09-06,43000.2380001,0.17310884863164253,2013-09-06 23:00:00,14.56,10.61,12.585
616,2013-09-07,43132.09299579999,0.17333820809140305,2013-09-07 23:00:00,23.19,13.36,18.275
617,2013-09-08,45892.7329986,0.184325931007808,2013-09-08 23:00:00,21.73,14.1,17.915
618,2013-09-09,45529.9029994,0.18311576174147365,2013-09-09 23:00:00,16.65,9.38,13.015
619,2013-09-10,45130.8179989,0.1818969578210647,2013-09-10 23:00:00,11.82,7.6,9.71
620,2013-09-11,45796.4559981,0.18447270558657194,2013-09-11 00:00:00,7.06,3.28,5.17
621,2013-09-12,44326.4199986,0.17865488166070162,2013-09-12 00:00:00,11.01,5.06,8.035
622,2013-09-13,45620.0499961,0.18418947834342697,2013-09-13 23:00:00,13.85,9.3,11.575
623,2013-09-14,47875.1310008,0.19351931752360627,2013-09-14 23:00:00,15.36,6.72,11.04
624,2013-09-15,51242.1889975,0.20624915071765523,2013-09-15 23:00:00,14.08,8.24,11.16
625,2013-09-16,46200.966999799995,0.1866796248698927,2013-09-16 23:00:00,13.7,8.19,10.945
626,2013-09-17,47807.1480017,0.19268373960832208,2013-09-17 23:00:00,15.18,10.77,12.975
627,2013-09-18,45872.644001399996,0.18524521871729016,2013-09-18 23:00:00,15.84,8.33,12.085
628,2013-09-19,47042.9919946,0.18978743865624192,2013-09-19 23:00:00,18.41,9.84,14.125
629,2013-09-20,45424.776997099994,0.18365020779602498,2013-09-20 23:00:00,18.18,10.33,14.254999999999999
630,2013-09-21,46599.2619999,0.18847174496821006,2013-09-21 23:00:00,18.84,14.25,16.545
631,2013-09-22,48860.8649983,0.1986214024321138,2013-09-22 23:00:00,19.64,13.03,16.335
632,2013-09-23,45116.422994399996,0.18386648651212836,2013-09-23 23:00:00,21.47,11.53,16.5
633,2013-09-24,43423.3660029,0.17773152424238703,2013-09-24 23:00:00,20.87,13.67,17.27
634,2013-09-25,44065.5939962,0.17843211044784582,2013-09-25 23:00:00,18.88,13.12,16.0
635,2013-09-26,43817.9329962,0.1773258749198718,2013-09-26 23:00:00,16.99,10.58,13.785
636,2013-09-27,43874.34799920001,0.1777959378817351,2013-09-27 23:00:00,18.36,12.43,15.395
637,2013-09-28,46350.556001100005,0.18746584805984276,2013-09-28 23:00:00,17.36,13.44,15.399999999999999
638,2013-09-29,48767.0120017,0.19689523579497736,2013-09-29 23:00:00,18.81,13.21,16.009999999999998
639,2013-09-30,45571.1959932,0.18460041153509624,2013-09-30 23:00:00,17.28,11.76,14.52
640,2013-10-01,45168.76499520001,0.18604506472914195,2013-10-01 00:00:00,3.43,1.16,2.295
641,2013-10-02,45917.070997099996,0.1859653277163524,2013-10-02 00:00:00,4.73,1.06,2.8950000000000005
642,2013-10-03,45610.483997799995,0.1850834469460135,2013-10-03 00:00:00,3.45,1.23,2.34
643,2013-10-04,42902.7330006,0.18285739310812196,2013-10-04 23:00:00,11.3,5.93,8.615
644,2013-10-05,47171.84499309999,0.19082461566788023,2013-10-05 23:00:00,13.18,7.06,10.12
645,2013-10-06,48365.867992800006,0.19557885284355592,2013-10-06 23:00:00,16.96,8.16,12.56
646,2013-10-07,45994.70099329999,0.18656988655771353,2013-10-07 23:00:00,21.69,11.99,16.84
647,2013-10-08,44848.3909981,0.18295309949619804,2013-10-08 23:00:00,22.76,15.42,19.09
648,2013-10-09,45939.7970047,0.1863471776216089,2013-10-09 23:00:00,16.49,12.47,14.48
649,2013-10-10,47780.888994500005,0.19362676276705246,2013-10-10 23:00:00,13.16,8.66,10.91
650,2013-10-11,50824.29400160001,0.20583970808061175,2013-10-11 00:00:00,9.22,2.58,5.9
651,2013-10-12,48996.583996500005,0.199640556736505,2013-10-12 00:00:00,9.03,2.06,5.545
652,2013-10-13,56474.9249922,0.2287693831105386,2013-10-13 23:00:00,11.34,8.62,9.98
653,2013-10-14,51469.06799889999,0.20922385365406507,2013-10-14 23:00:00,12.58,8.75,10.665
654,2013-10-15,49626.02800010001,0.20118225011391644,2013-10-15 23:00:00,14.87,6.76,10.815
655,2013-10-16,50848.953001400005,0.2080835174875597,2013-10-16 23:00:00,17.29,11.82,14.555
656,2013-10-17,48331.384001700004,0.19785887863406368,2013-10-17 23:00:00,17.16,10.5,13.83
657,2013-10-18,48024.7350003,0.195070250049961,2013-10-18 23:00:00,17.52,13.21,15.365
658,2013-10-19,49276.3049992,0.20105555963245855,2013-10-19 23:00:00,17.04,12.16,14.6
659,2013-10-20,52138.891003,0.212278072287636,2013-10-20 23:00:00,17.53,13.26,15.395
660,2013-10-21,48658.3589983,0.19768249073022293,2013-10-21 23:00:00,18.03,13.79,15.91
661,2013-10-22,47513.798999800005,0.19416846067003402,2013-10-22 23:00:00,16.53,9.99,13.260000000000002
662,2013-10-23,46794.38899960001,0.19096632794482532,2013-10-23 23:00:00,16.91,6.83,11.870000000000001
663,2013-10-24,47304.3559954,0.19206926847999092,2013-10-24 23:00:00,18.47,13.16,15.815
664,2013-10-25,46584.2239977,0.19130783887615807,2013-10-25 23:00:00,16.66,14.34,15.5
665,2013-10-26,49439.631999699996,0.20050463954196676,2013-10-26 23:00:00,15.87,11.66,13.765
666,2013-10-28,50354.1950049,0.20557431496546147,2013-10-28 00:00:00,16.06,9.0,12.53
667,2013-10-29,50921.775997100005,0.20687799010782307,2013-10-29 00:00:00,12.38,6.86,9.620000000000001
668,2013-10-30,50521.7419969,0.20788787114400228,2013-10-30 00:00:00,13.57,4.47,9.02
669,2013-10-31,51198.0619995,0.20840685651743845,2013-10-31 00:00:00,13.11,11.61,12.36
670,2013-11-01,49932.34499679999,0.20393201086715027,2013-11-01 00:00:00,5.7,0.89,3.295
671,2013-11-02,51033.9090024,0.20798247995892016,2013-11-02 00:00:00,1.88,0.55,1.2149999999999999
672,2013-11-03,56731.93599540001,0.23016851669668942,2013-11-03 00:00:00,1.22,-1.57,-0.17500000000000004
673,2013-11-04,52820.303004400004,0.2152206100642154,2013-11-04 23:00:00,11.51,7.09,9.3
674,2013-11-05,54480.7580013,0.22307700308446346,2013-11-05 23:00:00,14.81,6.04,10.425
675,2013-11-06,53596.4119984,0.21876800874477534,2013-11-06 23:00:00,16.96,14.16,15.56
676,2013-11-07,51772.663996200004,0.21107576645547943,2013-11-07 23:00:00,23.92,12.01,17.965
677,2013-11-08,53994.2909962,0.21961754440078746,2013-11-08 23:00:00,20.39,13.57,16.98
678,2013-11-09,57928.4919986,0.23561959845844718,2013-11-09 23:00:00,18.02,12.58,15.3
679,2013-11-10,58126.731003,0.24185611395296583,2013-11-10 23:00:00,14.17,8.46,11.315000000000001
680,2013-11-11,56446.6179993,0.2298165347505863,2013-11-11 00:00:00,12.63,2.53,7.58
681,2013-11-12,53040.685000800004,0.21671195741321828,2013-11-12 00:00:00,6.4,2.06,4.23
682,2013-11-13,54631.76399190001,0.22247102225004883,2013-11-13 00:00:00,9.94,2.11,6.0249999999999995
683,2013-11-14,54156.7990054,0.22245004849089772,2013-11-14 00:00:00,9.62,5.18,7.3999999999999995
684,2013-11-15,55244.200994000006,0.22522912994944552,2013-11-15 00:00:00,9.25,3.33,6.29
685,2013-11-16,57897.73499360001,0.23577068263617412,2013-11-16 00:00:00,9.14,1.38,5.26
686,2013-11-17,60805.915997100004,0.24761335351959543,2013-11-17 00:00:00,9.57,8.28,8.925
687,2013-11-18,56399.220999,0.23047935873136527,2013-11-18 00:00:00,9.3,7.37,8.335
688,2013-11-19,56431.9819954,0.23165838257553367,2013-11-19 00:00:00,6.78,0.6,3.69
689,2013-11-20,60458.2609987,0.24672813009590266,2013-11-20 00:00:00,6.38,-1.27,2.5549999999999997
690,2013-11-21,58651.026006500004,0.24210350210727496,2013-11-21 00:00:00,7.91,3.12,5.515000000000001
691,2013-11-22,58739.622004,0.23994943629084972,2013-11-22 00:00:00,7.89,3.52,5.705
692,2013-11-23,59999.7139989,0.24562665388951657,2013-11-23 00:00:00,7.41,3.41,5.41
693,2013-11-24,62958.669007100005,0.25926842017155893,2013-11-24 00:00:00,8.02,5.06,6.539999999999999
694,2013-11-25,58548.836998800005,0.2412514710195807,2013-11-25 00:00:00,7.29,4.54,5.915
695,2013-11-26,58124.273000500005,0.23879360169139882,2013-11-26 00:00:00,7.23,2.93,5.08
696,2013-11-27,57249.339997400006,0.23580359495436273,2013-11-27 00:00:00,10.32,5.78,8.05
697,2013-11-28,55653.2260053,0.23004805723090277,2013-11-28 00:00:00,9.9,8.08,8.99
698,2013-11-29,55496.7629937,0.22935579495511804,2013-11-29 00:00:00,10.18,6.56,8.37
699,2013-11-30,58397.66199749999,0.24053340416790236,2013-11-30 00:00:00,8.38,3.53,5.955
700,2013-12-01,62139.122999,0.2555398860006251,2013-12-01 00:00:00,4.53,1.75,3.14
701,2013-12-02,56467.4779958,0.23434378318310092,2013-12-02 00:00:00,2.24,1.14,1.69
702,2013-12-03,57838.812991700004,0.23785536333604754,2013-12-03 00:00:00,3.86,-1.89,0.985
703,2013-12-04,57573.44299449999,0.23662393550050964,2013-12-04 23:00:00,11.42,4.92,8.17
704,2013-12-05,58740.637999900006,0.2463291649888453,2013-12-05 23:00:00,14.06,7.45,10.755
705,2013-12-06,58563.6299979,0.24183857779112986,2013-12-06 23:00:00,17.59,12.96,15.275
706,2013-12-07,59855.06699570001,0.24840250247219453,2013-12-07 23:00:00,29.16,15.01,22.085
707,2013-12-08,61106.4950094,0.25184015417655786,2013-12-08 23:00:00,19.8,11.46,15.63
708,2013-12-09,56273.513999400006,0.23386492618940757,2013-12-09 23:00:00,18.09,14.78,16.435
709,2013-12-10,57553.35900329999,0.23710269182692312,2013-12-10 23:00:00,11.47,8.87,10.17
710,2013-12-11,59157.1620003,0.2441443888681161,2013-12-11 00:00:00,13.11,6.08,9.594999999999999
711,2013-12-12,57232.5179973,0.24323625559848022,2013-12-12 00:00:00,8.98,1.52,5.25
712,2013-12-13,57525.131996,0.23759719467023527,2013-12-13 00:00:00,11.73,8.15,9.940000000000001
713,2013-12-14,59321.600994199995,0.24448401332921202,2013-12-14 00:00:00,11.33,3.79,7.5600000000000005
714,2013-12-15,61956.5379965,0.25549509268812676,2013-12-15 00:00:00,12.54,8.11,10.325
715,2013-12-16,56338.463003000004,0.23283435414187,2013-12-16 00:00:00,12.89,7.95,10.42
716,2013-12-17,57378.3220002,0.2367092491757426,2013-12-17 00:00:00,7.4,4.61,6.005000000000001
717,2013-12-18,57022.0110032,0.2358932808909187,2013-12-18 00:00:00,10.29,5.01,7.6499999999999995
718,2013-12-19,56696.9590037,0.2385271902080809,2013-12-19 00:00:00,9.7,3.68,6.6899999999999995
719,2013-12-20,58051.777994300006,0.23939272398018932,2013-12-20 00:00:00,10.42,2.63,6.525
720,2013-12-21,61078.3900033,0.252473503651207,2013-12-21 00:00:00,11.95,9.41,10.68
721,2013-12-22,59989.2380012,0.2490585475670918,2013-12-22 00:00:00,10.07,4.81,7.4399999999999995
722,2013-12-23,60595.7479991,0.2505281636530892,2013-12-23 00:00:00,11.95,5.14,8.545
723,2013-12-24,59777.058001,0.24927049139728452,2013-12-24 00:00:00,11.93,5.43,8.68
724,2013-12-25,63322.423991300006,0.26164561017164156,2013-12-25 00:00:00,7.19,3.74,5.465
725,2013-12-26,58186.399003,0.2430753250242297,2013-12-26 00:00:00,7.64,2.87,5.255
726,2013-12-27,58798.2599971,0.24319312089330625,2013-12-27 00:00:00,10.99,7.47,9.23
727,2013-12-28,57458.0870002,0.23708526028338944,2013-12-28 00:00:00,7.81,2.86,5.335
728,2013-12-29,60116.4519956,0.2499852461560213,2013-12-29 00:00:00,7.56,0.72,4.14
729,2013-12-30,58778.3009996,0.24658637484729495,2013-12-30 00:00:00,10.22,6.4,8.31
730,2013-12-31,59928.4490053,0.24796610809872557,2013-12-31 00:00:00,10.36,5.77,8.065
